screen_name,location,created_at,language,created_year
tylus_allen8,,2017-06-20 19:31:25,,2017
LerumTK96,,2011-11-14 18:33:29,,2011
MLErnest,"Far, Far Away",2012-03-05 14:28:09,,2012
AndyLilburn,,2012-08-10 14:16:41,,2012
Hanzoda3rd,"Houston, TX",2012-07-28 12:36:17,,2012
rochabarr77,M√©xico,2017-10-13 02:00:18,,2017
SandaAlp,"Bodrum, T√ºrkiye",2018-03-13 14:24:15,,2018
tarunjaipal_,worldwide ,2015-09-08 11:55:20,,2015
cyzwe12,,2015-03-19 07:12:35,,2015
Jinks116,,2009-06-28 20:00:00,,2009
juventino0608,"Rome, Lazio",2013-07-26 15:08:42,,2013
chiragsolanki02,"Dabhoi, India",2015-03-13 15:56:43,,2015
Rodrigo120886,,2012-12-02 22:49:54,,2012
MarcoRuffoli,Giappone,2012-12-27 08:34:59,,2012
rs_bajwa13,,2014-01-31 05:17:22,,2014
Mduduzi00077260,South Africa,2018-02-12 09:35:48,,2018
maahipreet,India,2010-12-07 11:30:54,,2010
clarkhands,Birmingham UK,2013-07-20 08:38:47,,2013
Solomon87802369,"London, England",2017-12-10 07:03:26,,2017
Collin_L,,2011-05-13 09:21:21,,2011
Msfer_Mhdi,ÿßŸÑŸÖŸÖŸÑŸÉÿ© ÿßŸÑÿπÿ±ÿ®Ÿäÿ© ÿßŸÑÿ≥ÿπŸàÿØŸäÿ©,2018-01-02 15:16:15,,2018
SUBODH_KMR_RAI,"Guwahati,Assam",2010-04-14 12:37:36,,2010
Eugene03086278,,2017-06-15 06:10:14,,2017
spartanvikas,Bangalore ,2008-01-28 10:27:28,,2008
4KUNIVERSE_,America,2016-01-10 07:16:19,,2016
demademima,,2009-10-08 23:49:04,,2009
YSteenz,,2009-08-07 08:52:00,,2009
paras50464396,,2016-03-29 08:25:33,,2016
BobMaso87227855,,2018-01-29 20:27:35,,2018
kritianewme,Southampton ~ New Delhi,2011-02-12 09:23:26,,2011
saisavalli786,INDIA ,2015-05-29 07:04:01,,2015
shauntelp,South Africa,2009-03-18 11:10:01,,2009
zaaymilly,nj.üõ´atl. ,2010-12-09 23:12:46,,2010
karthik6988,"Madipakkam Chennai, India",2017-03-03 15:22:21,,2017
lllFSF,üá¶üá™üíû,2010-11-10 06:37:28,,2010
DavidWright_6,shropshire,2011-01-09 23:31:55,,2011
nduduzo2002,"Pretoria,sunnyside",2012-09-13 17:37:20,,2012
edubes1,Espa√±a-Zaragoza,2011-08-18 11:22:01,,2011
dodoal1989,"Blaine, MN",2016-07-04 00:55:08,,2016
CA_Rushabhmodi,"Surat, India",2014-09-05 12:11:52,,2014
twmichoacan2021,"Michoac√°n de Ocampo, M√©xico",2017-09-20 01:39:16,,2017
Jsdlchandauli,"Mughalsarai, India",2014-01-02 09:52:01,,2014
IolandaRuggiero,,2009-03-16 14:42:16,,2009
karobaper,,2010-12-01 00:20:35,,2010
CamioQuintero,,2013-09-05 21:51:16,,2013
bigboatbull1,,2018-06-26 20:51:39,,2018
Huleshlil,Raipur Chhattisgarh ,2013-10-08 12:08:52,,2013
steamtrain79,,2015-04-20 12:16:04,,2015
wasserwissenat,√ñsterreich,2017-06-30 21:26:05,,2017
TeffoTshepo,,2013-02-06 09:31:56,,2013
RCapucon,,2011-10-22 19:48:39,,2011
InsideNatGeo,"Washington, DC",2011-05-18 17:24:09,,2011
steftsitsipas,"Vouliagmeni, Greece",2011-08-04 07:42:42,,2011
karenkhachanov,,2011-12-10 17:47:42,,2011
TwitterBusiness,"San Francisco, CA",2010-03-09 01:53:22,,2010
NatGeo,Global,2008-11-18 21:28:10,,2008
rogerfederer,Switzerland,2013-04-08 22:33:48,,2013
TigerWoods,"Jupiter Island, FL",2009-04-17 15:48:12,,2009
F1,Great Britain,2009-08-26 15:19:37,,2009
Wimbledon,"Wimbledon, London",2008-05-21 14:49:35,,2008
TheAcademy,"Beverly Hills, CA",2010-10-08 16:09:08,,2010
CaroWozniacki,Everywhere,2009-12-02 20:15:06,,2009
AnaIvanovic,,2010-08-20 10:12:59,,2010
gilbertogil,Brasil,2008-05-26 10:52:48,,2008
MichaelBuble,"Vancouver, Canada",2009-03-31 17:01:38,,2009
NicoRosberg,Monaco,2010-02-17 12:42:37,,2010
PGATOUR,üèåÔ∏è‚õ≥,2008-03-01 03:15:38,,2008
rolandgarros,Paris,2009-05-24 14:37:20,,2009
JordanSpieth,"Dallas, Texas",2012-08-27 04:03:05,,2012
usopen,"Flushing Meadows, New York",2008-05-19 18:35:03,,2008
MargaretAtwood,Toronto,2009-07-08 00:05:09,,2009
RickieFowler,,2009-04-18 01:39:40,,2009
atptour,,2009-02-03 16:15:56,,2009
AustralianOpen,Melbourne,2008-11-12 02:54:48,,2008
AussieGrit,,2010-02-23 13:49:13,,2010
lindseyvonn,"Vail, Co....hotels....",2009-06-27 10:30:47,,2009
tsonga7,France,2011-05-12 12:30:42,,2011
TheMasters,"Augusta, GA",2009-03-09 21:30:42,,2009
GustavoDudamel,,2010-07-21 20:59:27,,2010
LukeDonald,,2009-04-16 18:37:40,,2009
la_Biennale,"Venice, Italy",2010-03-13 17:52:46,,2010
JimCameron,"Los Angeles, CA",2011-01-26 18:24:02,,2011
JDayGolf,,2013-07-15 19:21:24,,2013
TheOpen,United Kingdom,2009-03-27 10:26:31,,2009
GarbiMuguruza,,2010-03-01 18:38:39,,2010
Lexi,"Coral Springs, FL",2010-10-26 23:56:49,,2010
GrigorDimitrov,,2009-06-18 13:29:00,,2009
jacknicklaus,North Palm Beach,2009-05-01 12:51:03,,2009
AngeliqueKerber,,2012-02-02 19:50:05,,2012
garyplayer,A Global Brand,2009-03-26 19:40:53,,2009
usopengolf,"San Diego, CA",2009-03-18 17:56:07,,2009
fia,,2011-12-09 13:31:46,,2011
EuropeanTour,"England, United Kingdom",2009-07-09 14:14:55,,2009
milosraonic,On My Phone ,2009-04-26 10:20:54,,2009
teatroallascala,Milano,2011-10-24 16:26:00,,2011
USGA,"Liberty Corner, NJ",2008-09-12 14:41:46,,2008
24hoursoflemans,"Le Mans, France",2010-01-07 21:01:13,,2010
JustinThomas34,"Jupiter, FL",2011-02-23 02:49:38,,2011
PhilMickelson,,2018-08-09 00:32:07,,2018
RyderCupEurope,"Whistling Straits, Wisconsin",2011-08-03 09:23:25,,2011
MOSESOSENI,,2013-01-02 23:55:24,,2013
KiddTrippyKt,,2017-05-20 16:29:53,,2017
OishiiAlex,"Lakeland Highlands, FL",2015-09-27 00:58:29,,2015
MnnensMan,,2013-11-14 12:45:26,,2013
wanderingfridge,,2013-11-03 01:37:27,,2013
Adaalbrja,"Saipan, MP",2015-03-13 18:03:48,,2015
ablegod231101,"Baltimore, MD",2018-01-22 14:16:46,,2018
veteran_nov,,2019-12-19 08:29:01,,2019
MarkAguon,"Houston, TX",2011-11-16 23:12:35,,2011
_villagomez25,Northern Mariana Islands,2019-08-09 13:43:38,,2019
dreamarieblake,"Boise, ID",2012-07-17 18:39:10,,2012
Ja867_5309,"Milwaukee, WI",2019-06-25 20:18:20,,2019
twinkleEDZ,Washington D.C. USA,2010-08-30 23:57:22,,2010
Gallon999,,2011-06-13 10:29:48,,2011
dandanman18,,2018-08-22 09:23:46,,2018
davidatalig,"Saipan, MP",2009-01-24 14:40:20,,2009
670Boe,,2014-08-07 07:06:02,,2014
CNMI_DFEMS,Northern Mariana Islands,2018-06-11 23:25:14,,2018
TaotaoTasi,"Washington, DC",2018-05-10 13:08:00,,2018
samern1,,2009-05-21 19:37:20,,2009
reptinasablan,Northern Mariana Islands,2018-04-25 08:23:54,,2018
VoteVinnie,,2011-03-17 08:56:24,,2011
HenduPat,,2012-11-14 03:22:14,,2012
AngelDemapan,"Dandan, Saipan",2014-04-30 10:05:43,,2014
roberthhunter,Northern Mariana Islands,2011-03-31 13:04:03,,2011
CNoket,"Chuuk, FSM 96942",2014-05-06 06:03:56,,2014
mcallijb,"Salisbury, MD",2017-07-30 16:12:25,,2017
sweetdawson30,"Miami, FL",2017-11-20 21:18:14,,2017
romanfranklin_,,2012-04-23 09:00:09,,2012
theycallmekaee,"Las Vegas, NV",2015-01-16 17:42:41,,2015
pjteno,"Saipan, CNMI (USA)",2010-04-17 02:48:26,,2010
shuthaps,IG: hapigabriel SC: shuthaps ,2012-10-21 10:51:39,,2012
rickjones317,,2016-03-08 22:18:17,,2016
chenchuzhong1,United States,2017-05-06 09:36:27,,2017
JLAngeline,"Washington, DC",2008-12-21 01:58:37,,2008
haidee_eugenio,Guam,2015-09-28 04:03:32,,2015
mariblossom_,"San Diego, CA",2017-02-09 03:50:55,,2017
emypham_nyliac,"Honolulu, HI",2017-02-05 05:26:38,,2017
hbjones77,"Tampa, FL",2017-01-30 02:19:19,,2017
NedyBonz,,2012-09-05 22:30:53,,2012
stevedallas1215,"Salt Lake City, UT",2016-11-11 07:25:29,,2016
roslyn_tenorio,,2013-06-23 10:31:19,,2013
Angelivycastro,,2016-07-20 03:25:48,,2016
TheTapRoomMKE,1301 Milwaukee Av S. Milwaukee,2015-12-22 18:48:38,,2015
ivanblanco1234,"Saipan, CNMI",2014-02-05 04:56:10,,2014
NSA_CLOUD,"Langley, Virginia, USA",2015-08-26 04:46:39,,2015
SandyFetzer,,2015-12-07 03:52:06,,2015
SharkDefenders,I'm on a boat,2015-06-19 11:04:40,,2015
NOBOMBING,,2015-06-16 02:24:14,,2015
ajay02_,"Kailua, HI",2015-08-21 00:00:26,,2015
Six2two,Northern Mariana Islands,2010-05-28 21:36:32,,2010
PacificaSaipan,,2014-01-23 23:13:47,,2014
paparazziartist,California,2011-02-02 02:14:33,,2011
dweakley1,"Ipan, Talofofo, Guam",2010-04-26 06:51:59,,2010
GovInosNMI,Northern Mariana Islands,2015-01-06 07:10:01,,2015
Emma_38306,üìç UK üá¨üáß,2011-08-16 06:33:15,,2011
janeswatson5,"England, United Kingdom",2018-06-25 18:51:13,,2018
1xavyy,,2014-10-21 20:37:08,,2014
Esteveslcs,"Kohtla-J√§rve, Eesti",2019-04-05 06:56:29,,2019
004benji,,2020-12-02 18:30:54,,2020
_benjiblanco,texas,2012-12-11 22:57:22,,2012
BYCRIVERA,,2014-03-03 18:18:58,,2014
_jadizabeck,,2020-03-22 16:23:21,,2020
JanaeDaBosss,,2020-02-25 02:56:23,,2020
nybinx,,2020-09-11 21:47:28,,2020
iiconicsoul,,2014-07-05 02:00:07,,2014
ashlieeotf,"Houston, TX ",2020-03-24 00:38:14,,2020
5imbah_,"Houston, TX",2020-03-28 22:35:46,,2020
trvllneenee,"Houston, TX",2017-04-25 17:43:24,,2017
_robbinoo,,2014-08-15 10:39:20,,2014
0thatsroro,,2018-10-20 01:26:32,,2018
JohnPasqualeN,South Florida,2013-06-09 05:41:40,,2013
YoDejj,"Texas, USA",2015-06-26 18:15:51,,2015
alexixdrea,"Houston, TX",2016-10-02 19:03:18,,2016
BobbyBDaughta,409,2013-07-20 18:25:39,,2013
luhh_don,"Houston, TX",2017-01-04 03:40:11,,2017
cozyjay_6,"Houston, TX üá≥üá¨",2015-03-29 03:30:15,,2015
taracodie,,2016-10-16 00:48:27,,2016
zaezippy,htx,2015-03-15 17:08:00,,2015
_SheQue,,2011-01-10 01:08:14,,2011
kxniicole,"Houston, TX",2020-01-14 00:46:44,,2020
Lahdonna_,"Houston, TX",2015-08-05 04:52:14,,2015
kraveindia,"Inglewood, CA üõ¨ Houston, Tx",2019-04-25 15:22:36,,2019
_UnoSHEESH,Leo ‚¨ÜÔ∏è Taurus ‚òÄÔ∏è Pisces üåô,2014-09-10 23:59:25,,2014
legendaryscene,"Houston, TX",2009-06-18 23:35:04,,2009
CozyBoaa,,2016-08-25 14:57:57,,2016
Dj_lovesfood,houston texas hoe,2013-10-16 02:25:47,,2013
FrenchNemo,,2019-06-05 14:07:15,,2019
stormzbody,"Houston, TX",2015-07-30 18:00:18,,2015
indianmadeee,Htx,2015-01-30 12:59:31,,2015
IeishaaKaay,"Los Angeles, CA",2010-08-18 22:45:39,,2010
jlinton_28,Pluto.,2017-08-24 19:03:01,,2017
_cvmeran_,houston tx ,2013-05-05 15:26:10,,2013
theyl0vebri,"Mississippi, USA",2016-05-09 22:33:16,,2016
axgellx,United Kingdom,2015-12-25 21:03:04,,2015
yahboyfunny,Quarantine,2013-04-18 04:22:19,,2013
suvweh_o,"Houston, TX",2013-09-09 00:53:08,,2013
ekegbooche,"West New York, NJ",2020-10-26 16:41:17,,2020
jd_jackdowning,,2014-08-04 04:10:21,,2014
chiefarab,American Air Lines Flight 11,2013-03-07 00:44:43,,2013
joxtejada,,2019-01-16 05:04:19,,2019
sireenabayazid,,2018-07-19 18:56:12,,2018
graceLdyer,,2018-02-24 15:14:39,,2018
myspacebabe2008,nineteen ‚Ä¢      nj. ‚ô°,2014-06-07 19:42:52,,2014
sevjns,"St. Louis, USA",2018-11-05 04:34:57,,2018
leighmonadeOF,"Los Angeles, CA",2020-09-18 17:25:59,,2020
suliman_alali99,,2016-10-20 16:05:15,,2016
luisrha,"Veracruz, MEX | Barcelona, ESP",2009-03-31 06:46:39,,2009
AldavaNorma,,2020-03-29 22:36:36,,2020
JosGrande14,Âç±Âú∞È©¨Êãâ,2020-07-02 18:34:24,,2020
quezada_loida,,2019-10-30 14:33:49,,2019
MLMX_,,2019-02-12 22:45:28,,2019
san_obispo,,2019-06-19 17:00:23,,2019
dilopezarango,@dilopezarango,2014-08-16 03:01:14,,2014
dsmfarmacia,"Linares, Espa√±a",2012-11-03 13:38:51,,2012
Luizmaldonado13,S√£o Jos√© dos campos -SP,2017-11-20 18:40:34,,2017
CTLRCRISTIAN,"Catania, Sicily",2015-12-12 14:33:40,,2015
unaspintadascom,Espa√±a,2012-08-09 19:39:45,,2012
cdmxdf1,"Colonia Santa Fe, Mexico DF",2011-09-03 19:31:30,,2011
Rohaniilaj7,"Abbottabad, Pakistan",2018-03-19 07:20:35,,2018
MuralEducativo,"Puebla, M√©xico",2017-12-05 04:44:48,,2017
Pregntame2,"Santa Cruz de Tenerife, Spain",2018-01-16 02:59:30,,2018
luispedro033,"Crici√∫ma, Brasil",2017-12-07 18:25:53,,2017
sepad11,,2018-01-07 21:36:42,,2018
J_Symon,"Galicia, Espa√±a",2010-11-03 11:14:32,,2010
Adamilsonkorban,Manaus Amazonas,2011-10-04 16:36:36,,2011
3fern666,,2012-10-14 11:10:35,,2012
MarianaMusso21,Brasil,2017-11-05 16:19:21,,2017
Flaviogotico,"Rondon√≥polis, Brasil",2017-11-05 12:48:55,,2017
IranDestination,Islamic Republic of Iran,2015-07-05 13:03:16,,2015
anitabelen33,,2017-08-21 20:20:55,,2017
ManoloEscobilla,"Madrid, Comunidad de Madrid",2017-11-09 21:54:42,,2017
praxisstudio1,"Ahmedabad,Gujarat,India",2014-11-19 09:56:31,,2014
spanishwriting,"New York, USA",2017-12-05 06:35:27,,2017
grupoinex1997,M√©xico,2017-11-30 16:13:42,,2017
Complicce,"Community of Madrid, Spain",2017-11-05 17:37:38,,2017
PedroGo32791860,Bolivia,2017-11-30 15:16:46,,2017
CryptoFinSys,WORLDWIDE,2017-01-28 11:53:17,,2017
iEdwinDG,COL,2015-07-06 20:36:00,,2015
Blogueros_Net,ONLINE,2017-03-08 21:40:42,,2017
TourTravelSpain,Espa√±a - ONLINE,2017-04-29 12:40:24,,2017
imanolsanchez,Zaragoza,2009-11-30 07:31:10,,2009
BezaluMx,"Medell√≠n 281, Roma Sur, Ciudad de M√©xico",2017-06-20 06:57:57,,2017
HBeerz,Doing something stupid,2021-02-02 11:36:42,,2021
KubiDemiroz0607,"Bodrum, Muƒüla",2015-12-29 10:19:53,,2015
benbusii,"Bodrum, T√ºrkiye",2016-10-12 06:35:20,,2016
FunnyTrendsYT,,2021-03-01 01:34:04,,2021
beratbozkurt48,"Bodrum, T√ºrkiye",2016-02-10 00:47:43,,2016
egeatasoy8,Amerika,2021-02-14 21:39:12,,2021
svdgms55,,2020-10-04 06:48:05,,2020
Korayimir1,"Bodrum, T√ºrkiye",2020-03-22 09:23:26,,2020
ClarettaMihalek,,2020-12-14 01:31:49,,2020
burcdem93,,2012-11-09 10:05:19,,2012
blackk_rosee_,"Denizli, T√ºrkiye",2018-10-22 11:48:24,,2018
AhmetSa21144543,,2020-11-25 17:40:50,,2020
ibrahim52449063,,2020-09-07 09:44:36,,2020
ElifZer97037473,,2020-08-25 19:54:25,,2020
batuhanozyilmz,"Bodrum, T√ºrkiye",2020-01-05 16:04:22,,2020
berfingorkem,"Bodrum, T√ºrkiye",2019-04-06 18:50:18,,2019
Brodronetr,,2020-05-01 14:19:44,,2020
Sindirellaq,,2020-05-02 23:24:05,,2020
sibeldemirel76,,2014-01-21 18:51:50,,2014
AysenGulsu,,2020-04-27 21:31:55,,2020
nocontextmugla,"Muƒüla, T√ºrkiye",2019-10-17 06:57:32,,2019
Alaralaar,,2020-04-03 16:14:12,,2020
MedyaFener,1 9 0 7,2013-04-24 11:06:32,,2013
mehmetaliZRL,"Bodrum, T√ºrkiye",2014-07-18 11:22:09,,2014
damlatasdemiirr,Bodrum,2014-01-08 04:04:26,,2014
simgebahat,Bodrum ,2019-06-03 19:38:39,,2019
1erencantas,"Bodrum, Muƒüla",2017-06-13 17:52:33,,2017
yusuf87930073,,2019-10-01 08:24:14,,2019
fatosseski,"Bodrum, T√ºrkiye",2017-07-13 07:43:55,,2017
gizemkiper,"Bodrum, T√ºrkiye",2018-08-13 12:28:35,,2018
yusuf05658784,,2018-08-05 09:53:32,,2018
safaanda,Samsun,2012-09-24 02:27:49,,2012
Merveozdmr27,,2018-06-30 09:41:00,,2018
mehmetakgolx,"Hatay, T√ºrkiye",2018-03-06 15:35:08,,2018
sancak_48,"Bodrum, T√ºrkiye",2017-05-03 12:43:40,,2017
ZenobiaSattaza1,,2020-12-05 14:13:37,,2020
RahulKushwaha07,Indore Madhya Padesh IndiaüáÆüá≥,2020-07-05 11:17:04,,2020
Sami8official,Bangladesh,2013-09-08 13:03:25,,2013
MdRaiha34903677,,2021-01-23 08:05:06,,2021
JacquelineRLine,"Fargo, ND",2009-08-29 01:48:47,,2009
webteldotin,"New Delhi, India",2016-10-03 06:58:38,,2016
braincheatcodes,,2020-05-23 14:40:23,,2020
avishxx17,,2020-09-09 11:11:02,,2020
SwedishCanary,,2009-07-04 20:49:19,,2009
AntonioParis,3rd Rock from the Sun,2011-08-19 23:49:31,,2011
sastadekho,India,2020-06-06 12:50:12,,2020
iamrv___,"Rajasthan, India",2020-02-26 10:29:27,,2020
LeonineinfoC,INDIA,2019-07-27 17:23:42,,2019
George51921960,United States,2020-03-25 09:41:06,,2020
SKNathSumon3,,2020-05-14 17:24:21,,2020
animal_leaks,Animal Hell ,2018-08-12 23:47:49,,2018
mercych16879076,"Nairobi, Kenya",2020-04-16 18:05:24,,2020
aditi_cted,"Delhi, India",2020-01-31 07:10:54,,2020
2712vabhav,,2010-04-26 05:57:27,,2010
Raushan1252,,2017-09-13 04:30:25,,2017
w98jb,Algeria,2019-10-02 16:59:15,,2019
TempleOfIron4,,2020-04-03 12:33:43,,2020
MoveInvest,,2019-09-01 13:56:55,,2019
SHARESmag,"London, UK",2012-07-25 10:57:21,,2012
MukeshDudiJAAT2,,2019-01-29 13:00:58,,2019
19mahi_,,2018-08-25 05:55:24,,2018
maniish_rj_21,"Rajasthan, India",2018-08-24 07:10:01,,2018
nvcvlogs,India,2018-07-08 14:50:27,,2018
Rishabh26822570,"Ajmer, India",2018-05-15 09:51:56,,2018
DrAnurakt,CANADA,2018-03-30 07:30:36,,2018
ravitalepa,"Merta, India",2014-03-26 14:27:11,,2014
NiteshV94342218,,2017-11-23 17:28:57,,2017
Stevewizzy96,"Nairobi, Kenya",2017-11-11 19:26:52,,2017
Dushyan38877480,"Ajmer, India",2017-11-03 19:58:56,,2017
sanibjaved9,,2017-08-18 15:34:46,,2017
Himanshforpk686,"Jaipur, India",2017-08-29 17:28:22,,2017
Satyend01155204,,2017-08-16 17:35:18,,2017
jeetranjankuma1,"Ramkrishna Nagar, Patna",2012-12-15 18:04:46,,2012
MHassanRajpoot1,"Punjab, Pakistan",2017-05-21 07:26:52,,2017
DAlLYGRlND,,2016-05-02 04:12:32,,2016
CA__POWER,"Chandigarh, India",2017-07-02 10:26:48,,2017
purposetourd,,2015-10-27 21:04:47,,2015
NeverGiveUp_in,,2016-12-31 14:26:38,,2016
WeeklyDan,,2012-03-19 01:28:20,,2012
Jayendramehrda,,2017-06-21 17:06:57,,2017
PhoneMeBieber,I unfollow if you dont follow,2010-12-03 07:35:17,,2010
ftricksjb,turn on notifs,2017-06-15 03:02:17,,2017
Bhaskar98704509,"Guwahati, India",2017-01-26 18:56:56,,2017
SumonIs06064086,"Dhaka, Bangladesh",2017-06-10 13:26:47,,2017
bespoke_mar,Australia,2017-05-05 15:47:09,,2017
SharonHeffern20,,2020-11-06 07:01:19,,2020
AfriExpert,Cape Town,2010-04-07 08:15:41,,2010
thabangdenia,Pretoria east the blyde estate,2012-05-04 08:23:37,,2012
RealCoryMachado,,2014-10-09 23:33:09,,2014
Jazzcentre,"√úT: -29.83988,30.95386",2011-11-15 13:43:41,,2011
N3Gateway,"KwaZulu-Natal, Free State",2011-09-20 12:27:18,,2011
StrayATW,Taiwan (for now),2016-06-18 17:28:12,,2016
SerogoleMashoto,polokwane,2014-07-27 20:35:04,,2014
ThandolwethuKo5,"Cape Town, South Africa",2017-01-16 11:05:25,,2017
DrZweliMkhize,,2017-03-22 09:51:28,,2017
VRentalsCarHire,"Durban, South Africa",2017-11-14 13:50:53,,2017
DjGodpapa,,2017-09-19 18:12:59,,2017
knykker,Gauteng,2017-09-14 16:03:00,,2017
josephkganyago,,2014-02-09 09:20:59,,2014
Ntombi38641093,South Africa,2017-08-18 15:52:52,,2017
SouthernDrak,"Underberg, 3257",2013-08-08 10:02:15,,2013
sibongile_mama,South Africa üåè,2015-03-27 12:47:33,,2015
Mallyzn,"Durban, South Africa",2010-09-23 06:59:50,,2010
PrideLodgesZA,"White River, South Africa",2013-06-10 08:25:58,,2013
FionaMohale,"Johannesburg, South Africa",2015-06-18 14:20:08,,2015
NambitiReserve,KwaZulu-Natal,2012-05-19 13:14:26,,2012
johnrampton,"Salt Lake City, UT",2009-09-24 15:31:23,,2009
kamogelo_wankie,"Botswana, Gaborone ",2017-04-08 15:43:22,,2017
yasiral66018412,,2017-04-15 05:24:56,,2017
TouchCentralfm,Africa,2017-03-31 00:26:18,,2017
Magesh_44,"North West,Letlhabile",2014-06-22 06:24:08,,2014
Mbongen07983240,,2017-03-05 03:52:44,,2017
GlenlivetReview,"Speyside, Scotland",2010-05-17 22:23:28,,2010
GlenfiddichRvw,"Speyside, Scotland",2010-05-17 22:18:18,,2010
SADJAwards,"durban,south africa",2017-01-05 07:09:56,,2017
HiltonBushLodge,"Hilton, KwaZulu-Natal Midlands",2015-08-19 10:04:25,,2015
emovienet,"Tempe, AZ",2017-02-18 22:48:49,,2017
SandyNumerology,"Johannesburg, South Africa",2009-06-15 07:17:51,,2009
Ntombi95102750,,2017-02-13 15:56:11,,2017
lux_life_,,2017-02-09 23:56:22,,2017
PhindiweNkosi,South Africa,2012-03-31 10:35:43,,2012
visualideator,"Kerala, India",2010-07-06 06:56:45,,2010
_GetInMyBelly_,"Johannesburg, South Africa",2017-01-16 19:04:01,,2017
AmazinSupercar,,2015-05-08 23:25:56,,2015
Lindy721Lindy,Ntuzuma#DBN South Africa,2013-07-01 16:02:20,,2013
RandNationMusic,Durban ,2017-01-27 19:18:56,,2017
ChivasGraduates,"London, England",2015-09-20 17:10:31,,2015
maduwapatrick,Hamulima,2013-03-24 12:52:41,,2013
DunlopGoodwood,"Cape Town, South Africa",2016-11-21 11:51:42,,2016
CitroenSA,South Africa,2010-04-16 08:16:34,,2010
ebamusiclive,"New York, USA",2016-12-04 21:29:19,,2016
TheBlackCitizen,,2016-12-22 00:12:28,,2016
zinhle08943838,,2017-01-12 21:57:41,,2017
kabasa_tumelo99,"Mogale City, South Africaüáøüá¶",2010-05-17 17:49:12,,2010
Yanga_Mabokela,East London,2014-10-11 20:01:52,,2014
PumHeolPeddlers,"Five Roads, Wales",2016-09-09 18:15:43,,2016
AsbzN,,2013-06-03 16:38:00,,2013
VanessaDavies10,,2012-01-11 18:22:11,,2012
steffhughes,Cymru,2011-01-11 15:20:22,,2011
theevening1874,,2009-06-28 10:44:01,,2009
TDivestment,"Cambridge, UK",2020-11-30 20:50:18,,2020
FckmeSandra,,2020-05-19 22:32:20,,2020
LookingPaisley,,2020-09-04 23:01:32,,2020
Ashishy5778," Ludyara Shahgarh, India",2020-06-04 11:10:19,,2020
mukesh_chaudhri,,2015-01-08 06:04:34,,2015
LakshManagement,"Safal Arise,Manjalpur,Vadodara",2020-01-31 09:58:43,,2020
Sagarconsultant,India,2014-02-13 14:08:49,,2014
AirtelDont,,2017-10-13 16:51:08,,2017
CowboysMx1,"Distrito Federal, M√©xico",2018-01-17 17:24:04,,2018
rocksales_isma,en la linda chilangolandia,2012-03-14 04:03:37,,2012
LuisQuintanar_5,estado de m√©xico,2009-12-25 19:38:59,,2009
pumaupiicsa,M√©xico Tenochtitlan,2011-08-25 05:16:16,,2011
isra8aperez,Azcapotzalco,2010-12-20 23:07:12,,2010
lmolinao1,"Tlalnepantla de Baz, M√©xico",2012-05-23 05:35:04,,2012
li_gargon,,2012-10-28 22:03:09,,2012
dts2security,"Buenos Aires, Argentina AR",2009-07-27 02:28:29,,2009
23zIsrael,,2014-03-19 04:26:01,,2014
anairamzen,M√©xico DF,2011-02-15 01:17:42,,2011
fernandiux_89,M√©xico D.F.,2009-09-12 19:28:45,,2009
Letysha44,,2012-12-05 06:23:41,,2012
ROLEX,"Geneva, Switzerland",2012-02-16 12:59:18,,2012
Kcharris63,Englewood Chicago,2009-02-22 15:52:18,,2009
Original_Turner,Hook Em' Horns,2012-04-23 04:17:29,,2012
D_Ross3,"Tallahassee, FL",2014-09-29 21:50:23,,2014
TWroten_LOE,"Seattle, WA",2011-07-01 13:08:59,,2011
EASPORTSNBA,It's In The Game,2009-06-10 17:38:58,,2009
benzobrist18,,2014-01-26 00:52:07,,2014
AndreDrummond,New York/Connecticut/Cleveland,2011-01-30 04:51:54,,2011
patbev21,"√úT: 43.629131,-89.790635",2009-11-24 18:54:06,,2009
OrlandoMagic,"Orlando, FL",2009-01-26 14:49:50,,2009
andre,S.G.,2011-07-07 22:59:50,,2011
BossCedes,JaydnWorld,2011-09-05 02:13:36,,2011
CJMcCollum,,2009-11-27 04:39:59,,2009
KrisBryant_23,,2012-03-18 03:48:09,,2012
DexterFowler,,2010-04-03 04:00:01,,2010
ARizzo44,"Chicago, IL",2012-10-31 19:24:35,,2012
NBA,,2009-02-02 19:04:42,,2009
JaValeMcGee,"Cleveland, OH",2009-03-17 04:20:57,,2009
RealDealBeal23,STL -- Gainesville -- DC,2010-06-08 06:00:14,,2010
Goran_Dragic,"Miami, FL - Ljubljana  üá∏üáÆ",2011-08-17 13:48:24,,2011
NBAHistory,,2010-07-26 18:29:04,,2010
PFTCommenter,"New York, NY",2012-10-02 21:14:31,,2012
emmanuelmudiay,,2015-01-28 21:38:53,,2015
VicMensa,"Chicago, IL",2009-03-02 18:28:36,,2009
Suns,"Phoenix, AZ",2008-12-30 16:41:54,,2008
thekidet,,2009-11-19 16:09:44,,2009
22wiggins,Toronto///Minnesota,2010-12-27 22:31:27,,2010
BooBabi079,iDont GiveAFuck Avenue.,2010-03-09 14:22:19,,2010
MeyersLeonard,,2009-09-22 01:01:53,,2009
nbastats,,2011-04-16 15:14:58,,2011
JCrossover,Seattle,2011-09-22 00:55:53,,2011
WashWizards,"Washington, DC",2008-06-03 13:23:47,,2008
NBATV,USA,2009-03-19 15:35:26,,2009
swish41,Dallas,2010-10-20 20:45:57,,2010
fakeshoredrive,"Chicago, IL",2008-09-15 21:11:19,,2008
Quezziwitdauzi,"Richmond, IN",2015-08-19 02:56:30,,2015
chicagobulls,Chicago,2008-09-09 22:43:45,,2008
Pacers,"Indianapolis, IN",2009-01-23 19:37:33,,2009
NBAonTNT,"Atlanta, GA",2009-02-27 19:32:32,,2009
javy23baez,,2012-04-14 04:14:27,,2012
Youngcocky6040,N 41¬∞34' 0'' / W 87¬∞33' 0'',2010-06-09 08:12:39,,2010
Bucks,"Milwaukee, WI",2008-08-19 03:36:35,,2008
nikebasketball,"Beaverton, Oregon",2007-05-09 03:45:59,,2007
RereTheeShit,"Hammond, IN",2013-09-18 22:13:06,,2013
paugasol,,2010-07-06 18:37:04,,2010
Cubs,Wrigley Field,2009-05-19 16:06:19,,2009
NBAcom,"Atlanta, GA",2013-04-22 23:24:48,,2013
chrislhayes,Brooklyn,2007-04-11 16:43:58,,2007
JArrieta34,"Austin, Tx",2011-04-22 18:36:15,,2011
Boobiekane,"Chicago, IL",2009-10-09 12:01:52,,2009
InsynsMannen,"Estocolmo, Suecia",2016-07-09 19:40:56,,2016
BarackObama,"Washington, DC",2007-03-05 22:08:25,,2007
FluicellAB,"Gothenburg, Sweden",2016-03-30 14:04:29,,2016
aktiespararna,Sweden,2009-03-19 08:38:12,,2009
OmniEkonomi,"Stockholm, Sweden",2017-02-14 09:02:59,,2017
Investeraren,"Liding√∂, Sverige",2012-11-11 23:08:55,,2012
MariaLandeborn,Stockholm,2011-09-13 17:24:38,,2011
aktiealbin,S√∂derstadion,2012-12-16 22:50:32,,2012
JoeBiden,"Wilmington, DE",2007-03-11 17:51:24,,2007
mattiandpete,,2019-03-21 15:36:52,,2019
soderlund_carl,,2014-07-28 19:36:28,,2014
Investerarfys,,2008-10-27 18:26:15,,2008
samuelssoneric,,2012-11-04 10:38:32,,2012
Hustlarkungen,STHLM Sibirien,2009-02-15 20:47:20,,2009
S_Osmanagic,"Belgrade, Republic of Serbia",2010-06-11 16:45:39,,2010
hysentobias,,2014-04-06 01:32:21,,2014
wernbloom,,2012-08-01 05:50:18,,2012
SVTChris,,2011-12-13 14:07:04,,2011
Glenn_Hysen,"G√∂teborg, Sverige",2011-01-11 13:25:06,,2011
Glenn_Stromberg,"Bergamo, Italien",2012-04-06 10:14:11,,2012
juanitafranden,Paris,2010-06-01 13:09:12,,2010
jonas_dahlquist,"Stockholm, Sverige",2011-02-15 10:03:04,,2011
RobbieLauler,"Stockholm, Sverige",2009-03-18 14:54:24,,2009
MattiHaapoja,,2011-08-25 13:38:08,,2011
petermckinnon,Toronto,2008-11-23 23:19:07,,2008
carlbildt,,2009-01-02 10:14:07,,2009
fwikingsson,Stockholm,2010-05-01 17:18:10,,2010
PodFF,,2014-08-05 06:35:08,,2014
WTA,Worldwide,2008-11-04 15:21:46,,2008
TheNotoriousMMA,"Dublin, Ireland",2011-09-07 16:13:03,,2011
BindiIrwin,,2008-05-29 10:03:51,,2008
IanJamesPoulter,Dreamland,2009-04-03 09:49:04,,2009
superguidetti,"Vitoria-Gasteiz, Spain",2011-02-11 21:00:18,,2011
cmoresport,Sweden,2009-04-16 13:57:02,,2009
AndreAgassi,,2009-11-11 05:02:51,,2009
NickKyrgios,Bahamas,2013-01-22 03:39:34,,2013
lleytonhewitt,"Adelaide, South Australia",2015-03-03 01:10:19,,2015
TKokkinakis,"Adelaide, Australia",2013-03-19 18:58:53,,2013
Cristiano,"Turim, Piemonte",2010-06-14 19:09:20,,2010
tomasberdych,,2013-06-05 11:43:51,,2013
MikaelYmer,"Stockholm, Sweden",2011-11-12 06:20:32,,2011
JeremyClarkson,,2012-03-17 14:49:48,,2012
FredrikNp,,2013-03-08 18:59:09,,2013
MariaSharapova,,2011-04-26 17:26:43,,2011
stanwawrinka,Lausanne,2009-08-12 22:40:34,,2009
AdaHocog,Saipan,2014-07-19 11:07:27,,2014
Kilili_Sablan,Northern Mariana Islands,2017-11-03 13:48:50,,2017
Tesla,,2008-02-10 01:12:32,,2008
Jim_Jordan,"Washington, D.C. ",2008-12-16 17:20:24,,2008
SpaceX,"Hawthorne, CA",2009-04-23 21:53:30,,2009
JeffBezos,,2008-07-20 22:38:36,,2008
RepMattGaetz,,2017-01-10 22:32:25,,2017
YtNextGenGaming,usa ,2020-11-23 03:54:37,,2020
revolving360,"susupe, saipan 96950",2013-09-10 06:14:47,,2013
FriendsTrench,"Saipan, Northern Mariana Islan",2021-03-04 00:14:52,,2021
PS5StockUpdates,"Maryland, USA",2020-11-13 20:08:51,,2020
GYXdeals,USA & Canada ,2019-10-23 22:20:26,,2019
PS5Drop,"New York, USA",2020-11-16 02:34:14,,2020
techradar,"UK, US, AU",2008-07-23 11:58:12,,2008
mattswider,NYC (prior: Hermosa/Philly),2009-01-11 02:13:17,,2009
PlayStation,California,2007-11-27 22:37:20,,2007
PS5ESTORE,United States,2017-12-28 19:05:33,,2017
PS5StockAlerts,,2009-04-13 06:16:26,,2009
PS5RestockAlert,USA,2020-11-23 21:34:35,,2020
spieltimes,United States,2019-01-23 06:26:56,,2019
Wario64,"Bay Area, California",2009-04-05 07:08:20,,2009
kylesethgray,"Phoenix, AZ",2009-04-05 19:06:40,,2009
jack,,2006-03-21 20:50:14,,2006
gumroad,By your side,2011-04-03 01:08:03,,2011
NikkiHaley,,2018-12-31 16:27:48,,2018
AdamSandler,,2011-06-13 22:43:10,,2011
WilliamShatner,"Los Angeles, CA",2008-06-25 05:04:52,,2008
RepDanCrenshaw,"Houston, TX",2019-01-03 18:33:28,,2019
DanCrenshawTX,"Houston, TX",2017-11-14 21:46:32,,2017
US_SpaceCom,,2018-08-03 18:23:20,,2018
SenateGOP,"Washington, D.C.",2008-04-09 19:42:03,,2008
LeaderMcConnell,"Washington, DC",2013-03-07 20:21:15,,2013
RealBobMortimer,Reggae Party or Pet shop,2011-06-04 17:07:25,,2011
gillinghamjoe,Rural Germany (Longshank),2009-03-25 15:25:43,,2009
RonJichardson,,2010-10-05 20:12:33,,2010
emuna670,Northern Mariana Islands,2013-10-27 19:07:57,,2013
GOPChairwoman,,2014-02-20 18:05:28,,2014
BorisJohnson,United Kingdom,2015-04-01 20:15:49,,2015
LifeMathMoney,Newsletter and other links:,2018-05-18 06:43:06,,2018
Mens_Corner_,,2010-11-07 14:19:49,,2010
DLoesch,"Texas, USA",2007-07-25 03:30:38,,2007
JackPosobiec,Rent-free in your head,2012-05-28 13:31:22,,2012
TitaniaMcGrath,,2018-04-28 19:50:33,,2018
innoutburger,"Irvine, CA",2008-10-07 20:50:07,,2008
dog_feelings,,2017-03-26 23:09:44,,2017
CaptainMarcin,,2012-07-22 09:54:17,,2012
MrAndrewCotter,,2009-10-19 21:11:55,,2009
DeborahMeaden,England,2011-09-05 09:42:34,,2011
speedomick,LONDON ,2014-07-29 18:16:40,,2014
itvwestcountry,South West of England,2009-07-09 15:42:23,,2009
BBCCornwall,Truro,2009-03-10 21:21:34,,2009
kevinbridges86,Glasgow,2011-12-20 13:54:13,,2011
RPJBand,Worldwide,2012-01-04 01:51:15,,2012
chrishoy,Edinburgh/Manchester,2009-01-30 10:49:31,,2009
BBCSpotlight,South West UK,2009-11-11 16:46:53,,2009
robhayles1,,2011-03-25 22:23:28,,2011
Chris_Boardman,,2009-05-03 10:29:47,,2009
chrisfroome,,2009-08-06 20:02:13,,2009
GeraintThomas86,,2010-06-13 20:19:52,,2010
marcelkittel,,2010-07-04 06:12:35,,2010
thejensie,Germany,2011-07-11 18:56:35,,2011
millarmind,Girona + London,2011-06-28 10:12:46,,2011
f_cancellara,,2010-07-25 06:53:39,,2010
MarkCavendish,,2011-04-01 15:17:28,,2011
adinross,"Los Angeles, CA / Miami, FL",2016-07-31 08:00:51,,2016
modsiwW,"Houston, TX",2015-05-27 19:24:14,,2015
souljaboy,"Los Angeles, CA",2008-10-17 17:09:15,,2008
cuteIooks,‚ô•Ô∏é,2020-06-24 03:32:58,,2020
btc_robinhood,DM OPEN,2020-07-07 20:34:12,,2020
TeenVogue,,2009-03-13 15:38:45,,2009
jackharlow,"Louisville, Kentucky",2009-07-31 00:24:20,,2009
LilWasX,Cowboy Sawse,2019-10-17 19:17:20,,2019
SupremeDreams_1,Texas ,2011-05-27 02:09:20,,2011
DonToliver,"Houston, TX",2011-07-04 08:46:59,,2011
corruptedray001,,2011-08-04 01:00:18,,2011
mariojudah_,,2020-10-04 16:00:13,,2020
playboicarti,,2010-01-02 16:53:27,,2010
Lavarbigballer,,2017-04-20 23:32:57,,2017
Uber_Support,,2014-09-17 22:00:12,,2014
DavidDobrik,Los Angeles ,2011-06-28 02:34:49,,2011
zumiez,"Lynnwood, WA",2009-04-21 19:16:46,,2009
NextModels,,2009-03-17 18:25:23,,2009
TommyHilfiger,Global,2009-04-10 07:14:15,,2009
Burberry,"London, England",2009-06-15 22:09:41,,2009
AEO,,2009-01-15 21:13:13,,2009
PacSun,California,2007-05-04 17:15:38,,2007
geauxdavoo,"Houston, TX",2012-07-29 04:06:58,,2012
kensmindxl,,2018-04-16 18:11:34,,2018
OrtegaGerman,Mexico,2010-09-19 02:22:22,,2010
RMascabrothers,,2014-09-02 11:55:36,,2014
freddymasca1,,2011-01-03 18:34:36,,2011
OscarDeLaHoya,"East Los Angeles, CA",2009-08-19 19:33:15,,2009
Canelo,Mexico,2010-05-18 19:03:53,,2010
Jcchavez115,Culiacan- Tijuana,2012-02-27 22:02:49,,2012
lamazon_oficial,M√®xico,2010-07-15 23:17:15,,2010
HectorSulaimanS,,2011-07-27 00:00:07,,2011
DiegoFC,"Quer√©taro, Qro. ",2021-02-06 01:48:17,,2021
JimenezEspriu,M√©xico D.F.M√©xico,2013-05-21 00:11:03,,2013
laishawilkins,El pa√≠s de la simulaci√≥n,2009-09-14 01:19:05,,2009
azucenau,,2009-12-01 19:14:53,,2009
albornoz_mx,"Morelos, M√©xico",2016-03-16 05:19:22,,2016
A_ausdenRuthen,M√©xico,2017-01-03 18:28:11,,2017
ezshabot,,2013-04-30 21:18:04,,2013
doctormacias,"Leon, Mexico",2011-06-13 06:06:02,,2011
bartije,,2010-12-15 03:32:42,,2010
CarlosM_Urzua,,2018-11-19 18:38:14,,2018
Bessiruga,"Mexico, Central Luzon",2017-07-11 17:33:50,,2017
elonmusk,,2009-06-02 20:12:29,,2009
RiuHoteles,Palma de Mallorca,2009-04-02 10:26:25,,2009
maurimm,"√úT: 19.433827,-99.140943",2009-06-25 16:25:36,,2009
Antropocenista,El Capitoloceno,2017-08-30 04:41:45,,2017
operaworld_es,Opera is all over the world,2012-06-08 00:18:33,,2012
Pontifex,Vatican City,2012-02-23 11:38:07,,2012
ErnestoCordero,CDMX,2009-07-16 23:39:47,,2009
ElFinanciero_Mx,M√©xico,2010-03-02 14:34:09,,2010
juanita_bipolar,Mty! del mero sanwichito...,2011-09-23 05:27:16,,2011
TeAmoTioRober,MEXICO D.F.,2011-12-14 20:17:38,,2011
LaPinchiGrecia,"Distrito Federal, M√©xico",2013-05-20 07:46:07,,2013
Soytupmadre,Quer√©taro,2009-12-11 17:08:47,,2009
SharkTankMex,M√©xico,2012-02-14 14:03:42,,2012
Mike7blashotma1,"Tampico, Tamaulipas",2020-03-09 15:31:41,,2020
LabonteSan,,2020-05-28 03:51:26,,2020
UltimaHora_SLP,,2020-02-13 15:58:25,,2020
EstiloDF,Mexico D.F,2010-11-17 16:10:24,,2010
FEMSA,Monterrey Mexico,2010-04-23 15:42:17,,2010
_elan_,,2009-03-26 04:45:09,,2009
MaxKaiser75,,2015-07-01 19:50:06,,2015
julianlebaron,"Galeana, Chihuahua",2011-04-10 21:51:31,,2011
AdrianLebaron,,2020-01-26 23:20:07,,2020
dannapaola,,2010-02-07 03:48:13,,2010
benistofeles,,2009-04-26 13:04:16,,2009
JoseCardenas1,M√©xico,2009-12-01 05:29:34,,2009
PacoDeMiguelF,,2010-08-15 01:31:22,,2010
proceso,M√©xico,2009-05-19 17:00:37,,2009
En_laDelValle,"Del Valle, DF, M√©xico",2011-11-10 22:37:28,,2011
nctextiing,reklam ve i≈ü birliƒüi i√ßin dm,2020-03-28 00:54:09,,2020
dw_turkce,"Bonn, Germany",2009-07-28 21:12:26,,2009
incicaps,D√ºnya,2011-06-14 16:07:53,,2011
teyitorg,"Ankara, T√ºrkiye",2016-08-15 14:05:29,,2016
sozluk,"istanbul, t√ºrkiye",2008-10-07 07:41:20,,2008
euronews_tr,Avrupa,2011-04-18 15:20:36,,2011
CrazyFunnyVidzz,,2020-02-21 04:50:18,,2020
jansetdoga,,2018-05-13 18:21:28,,2018
atavratfutboI,,2014-09-21 01:51:58,,2014
efsosporolay,T√ºrkiye,2020-07-20 09:46:07,,2020
sivriikalemler,,2018-03-03 12:53:56,,2018
DumbDarwing,"37¬∞ 14‚Ä≤ 06‚Ä≥ N, 115¬∞ 48‚Ä≤ 40‚Ä≥ W",2019-07-03 17:00:23,,2019
eedademirbag,"ƒ∞stanbul, T√ºrkiye",2015-02-14 13:36:20,,2015
yumusak_hazal,,2017-12-24 20:00:57,,2017
zeynepkyhn1,"Bodrum, T√ºrkiye",2018-01-07 18:38:42,,2018
nehirokturk,"Bodrum, T√ºrkiye",2012-02-01 16:06:58,,2012
FunnymanPage,Galaxy,2019-10-15 02:31:38,,2019
eymennkarca,"Bodrum, T√ºrkiye",2018-03-29 15:58:07,,2018
DusundukceVariz,,2020-10-10 14:11:26,,2020
cediosman,"Cleveland, OH",2015-06-01 14:44:36,,2015
GTA___Memes,Global,2016-06-08 23:37:16,,2016
cerenaltinn4,"G√∂r√ºkle, Bursa",2020-03-02 23:49:35,,2020
Ffs_OMG,Insta/TikTok - ffs_omg,2014-08-01 18:02:09,,2014
TCMusValiligi,Mu≈ü,2013-11-01 08:26:52,,2013
secgital,,2020-07-26 18:42:37,,2020
kvefsaneleri,ƒ∞stanbul,2014-05-04 18:31:32,,2014
cokiyigol,,2019-11-27 08:50:19,,2019
sputnikvaccine,"Moscow, Russia ",2020-08-11 09:12:38,,2020
TamgaSanat,,2014-09-29 11:00:01,,2014
_genelkultur_,,2020-06-30 14:04:16,,2020
idgafuckfacials,"Saskatoon, Saskatchewan",2016-12-02 20:42:45,,2016
baddiesaztakip,Turkey,2019-11-28 10:29:33,,2019
elfidaayildiz,"Bodrum, Muƒüla ",2020-01-26 17:29:16,,2020
hicraanakyldz,"Bodrum, T√ºrkiye",2018-02-24 19:37:39,,2018
aleynanurok,"Bodrum, Muƒüla",2019-10-23 07:26:32,,2019
AslAydin17,,2021-02-04 01:53:50,,2021
BsrKorkmaz,"Eski≈üehir, T√ºrkiye",2013-08-20 17:25:29,,2013
selenyakici,,2011-11-18 00:07:45,,2011
resmiprenses,"ƒ∞stanbul, T√ºrkiye",2011-08-14 13:07:59,,2011
vaziyetcomtr,,2015-06-27 08:09:34,,2015
Haber_SON_Haber,"Antalya, T√ºrkiye",2016-10-17 22:56:28,,2016
CapaMagEkonomi,"ƒ∞stanbul, T√ºrkiye",2015-06-08 07:41:48,,2015
fotogiller,,2011-05-07 14:32:42,,2011
LouisVuitton,,2009-06-02 08:22:48,,2009
PiyushGoyal,India,2013-04-03 11:02:14,,2013
LandRoverUSA,United States,2010-09-20 17:37:42,,2010
JaguarUSA,"Mahwah, NJ",2011-06-01 13:38:49,,2011
FinancialTimes,London / New York / Hong Kong,2007-04-16 16:54:19,,2007
TheEconomist,London,2007-05-12 13:04:50,,2007
business,New York and the World,2009-04-23 20:05:17,,2009
dalermehndi,India,2009-04-14 11:37:43,,2009
GNev2,,2011-04-25 19:27:56,,2011
stephenfry,"Los Angeles, CA/ London UK",2008-07-15 11:45:30,,2008
Lord_Sugar,,2010-06-29 13:53:47,,2010
GaryLineker,,2012-01-22 18:07:24,,2012
rioferdy5,www.neweraglobalsports.com,2010-06-15 14:47:40,,2010
sunjaykapur,"√úT: 28.420637,76.998265",2009-03-29 10:33:07,,2009
chetan_bhagat,Mumbai,2009-06-04 10:30:19,,2009
SpeakerRyan,"Janesville, WI",2009-01-12 21:31:25,,2009
anandmahindra,"Mumbai, India",2009-04-22 05:40:01,,2009
HouseDemocrats,"Washington, D.C.",2009-06-01 20:21:53,,2009
KamalaHarris,California,2009-04-11 00:42:07,,2009
AdityaBirlaGrp,Mumbai,2009-06-29 06:37:01,,2009
benmendy23,"Manchester, England",2011-11-30 13:51:53,,2011
kimpembe_3,"Paris, France",2017-04-22 21:11:10,,2017
ErlingHaaland,,2013-10-28 19:57:26,,2013
BlackYellow,"Dortmund, Deutschland",2018-02-09 11:50:09,,2018
MarcusRashford,,2016-05-22 21:14:29,,2016
Sanchooo10,,2014-02-11 22:25:14,,2014
GretaThunberg,Sverige,2018-06-12 06:14:23,,2018
officialpes,,2009-12-08 12:35:32,,2009
Citibank,,2009-10-06 18:49:45,,2009
CreditSuisse,Global,2009-10-22 09:05:38,,2009
MerrillLynch,,2011-08-23 16:10:36,,2011
DeutscheBank,"Frankfurt, Germany",2009-05-20 10:08:01,,2009
Citi,"New York, NY",2009-10-02 23:45:06,,2009
jpmorgan,,2013-02-07 00:35:00,,2013
MorganStanley,,2011-12-01 22:24:52,,2011
BoeingAirplanes,"Global [Seattle, WA]",2009-02-27 01:17:48,,2009
GoldmanSachs,,2011-02-16 17:59:09,,2011
Airbus,Global,2008-07-14 11:24:28,,2008
prattandwhitney,"East Hartford, CT",2009-02-13 22:49:25,,2009
Fritolay,"Plano, Texas",2009-08-17 18:31:15,,2009
GEAviation,"Cincinnati, Ohio (HQ)",2009-04-14 15:16:39,,2009
PepsiCo,"Purchase, NY",2009-02-19 22:24:53,,2009
generalelectric,"Boston, MA",2011-03-16 21:58:59,,2011
HamillHimself,,2011-05-24 22:52:49,,2011
reidhoffman,new world of work,2006-10-22 15:43:51,,2006
richardbranson,,2007-08-13 15:20:18,,2007
AnthonyMartial,,2013-07-01 18:21:22,,2013
ECavaniOfficial,"Salto, Uruguay",2011-06-01 15:51:24,,2011
MusaMseleku_,,2019-04-21 22:03:01,,2019
Thobile06132590,"Port Shepstone, South Africa",2016-03-21 13:07:40,,2016
ManakaRanaka,South Africa Jozi Maboneng,2011-03-23 20:03:34,,2011
zandilemsutwana,Johannesburg,2011-08-28 11:17:37,,2011
Ziggy_Ranaka1,"Johannesburg, South Africa",2010-01-07 01:32:47,,2010
Pumi1Ranaka,Earth!,2012-11-18 18:47:39,,2012
Apple,"Cupertino, CA",2011-09-27 05:02:03,,2011
RanakaRanaka,South Africa,2011-10-18 20:29:57,,2011
PhuthumaNathi,"Johannesburg, South Africa",2021-01-19 20:07:15,,2021
mauritiusza,South Africa,2016-06-15 11:01:08,,2016
FreakyNtrlcky,itsrelate@gmail.com,2021-01-10 15:45:10,,2021
itswoodwork,,2020-10-24 10:28:05,,2020
ConfusingPix,follow for more pics.,2020-05-05 13:35:04,,2020
WeIcomeToNature,Turn On Notifications üîî,2020-12-05 11:06:28,,2020
PhysicsVldeo,,2020-09-18 12:04:54,,2020
Franthemotorist,Sandton Johannesburg,2011-02-08 20:51:25,,2011
CarTorqueSA,South Africa,2019-04-13 02:11:25,,2019
halleberry,"Los Angeles, CA",2015-03-24 20:43:31,,2015
engineers_feed,,2015-08-18 14:38:54,,2015
PawpawMFR,Nigeria,2021-02-09 22:18:09,,2021
TheUGRailroadTV,,2019-04-16 01:31:53,,2019
NASAPersevere,"Jezero Crater, Mars",2020-02-26 21:43:46,,2020
SabeloMkabela,"Johannesburg, South Africa",2010-03-05 16:38:49,,2010
Thembithemedium,"Pretoria, South Africa",2020-10-22 04:39:50,,2020
DRIPFootWear,Kasi,2019-07-31 22:27:09,,2019
JSE_Group,"Johannesburg, South Africa",2011-11-28 07:38:44,,2011
Fin24,"Cape Town, Johannesburg",2009-04-09 09:00:51,,2009
stealthy_wealth,United Kingdom,2016-05-09 15:51:24,,2016
EasyEquities,"Auckland Park, Johannesburg",2014-03-24 08:53:51,,2014
SATRIX_SA,South Africa,2015-02-25 05:49:48,,2015
S_Dlathu,Where I'm meant to be‚ò∫,2012-05-01 14:22:33,,2012
Xiaomi,Nearby,2011-09-21 07:09:28,,2011
NBC_SouthAfrica,"Newcastle, South Africa",2019-03-13 09:15:00,,2019
vuyo_valashiya,"Newcastle, South Africa",2011-02-10 12:44:52,,2011
SiwelaWines,Cape Town ,2018-09-28 02:52:38,,2018
Siwela_Masoga,"Cape Town, South Africa",2011-02-02 18:13:10,,2011
krugersafaris,Mpumalanga,2009-02-11 19:09:41,,2009
africaexclusive,"Northampton, UK",2009-05-13 08:24:26,,2009
SANParksKNP,South Africa,2012-09-17 09:58:46,,2012
mala_mala,"Mpumalanga, South Africa",2009-04-25 18:43:54,,2009
LionRoarsHotels,South Africa,2009-07-27 10:11:51,,2009
Bukelagamelodge,"Eastern Cape, South Africa",2010-05-27 09:07:49,,2010
ShamwariReserve,"Eastern Cape, South Africa",2009-09-10 13:17:37,,2009
goodsafariguide,Africa,2010-06-11 07:07:24,,2010
Simbavati,Timbavati,2012-11-01 14:04:25,,2012
Hlosigamelodge,"Eastern Cape, South Africa",2010-05-27 15:42:21,,2010
Go2Africa,Cape Town,2009-02-19 09:52:47,,2009
MaggieAlphonsi,,2011-10-30 22:12:18,,2011
autumnnations,Europe,2020-08-17 11:22:53,,2020
BBCWalesNews,Wales,2011-05-27 13:20:26,,2011
Nigelrefowens,Cymru,2011-02-22 17:30:28,,2011
BBCWales,üè¥Û†ÅßÛ†Å¢Û†Å∑Û†Å¨Û†Å≥Û†Åø,2007-01-10 15:39:03,,2007
BBCFergusWalsh,London,2010-05-21 16:31:42,,2010
WalesRugby,Wales,2009-03-31 10:41:17,,2009
BBCRadioWales,Wales,2010-05-18 13:56:33,,2010
lavuelta,,2011-04-11 08:36:37,,2011
LeTour,,2010-06-08 13:18:00,,2010
WalesOnline,Wales,2008-06-20 13:27:51,,2008
BBCSport,"MediaCityUK, Salford",2011-03-14 09:44:40,,2011
INEOSGrenadiers,,2009-11-12 16:37:04,,2009
themotleyfool,"Alexandria, VA",2008-07-23 17:46:55,,2008
willcarling,There!,2008-09-15 16:06:23,,2008
Tom_Varndell,United Kingdom,2011-04-20 07:37:46,,2011
johnbarc86,Llanelli,2012-10-26 13:03:21,,2012
taulupe,,2010-10-05 16:07:28,,2010
edjackson8,,2011-08-11 18:33:30,,2011
DoddieWeir5,Scottish Borders,2011-06-20 14:09:11,,2011
Rhys_Priestland,,2010-09-02 20:17:25,,2010
FT,London,2009-01-13 19:28:24,,2009
BBCBusiness,"London, UK",2007-01-10 12:32:45,,2007
ReutersBiz,Around the world,2008-06-13 18:56:09,,2008
ScottWilliams_1,"Llanelli, Wales",2011-08-28 22:23:20,,2011
SonnyBWilliams,,2011-08-25 11:18:13,,2011
pocockdavid,Canberra | Ngunnawal Country,2011-03-03 03:47:02,,2011
BBCSportWales,Wales,2010-02-02 17:37:18,,2010
SionBennett,"Cardiff, Wales",2011-06-14 22:13:55,,2011
DanCarter,,2012-08-13 09:42:48,,2012
WelshRugbyUnion,"@principalitysta, Cardiff",2009-03-12 15:51:11,,2009
justabitof_fun,always on the moon ,2011-01-23 02:37:19,,2011
JiffyRugby,,2013-01-01 22:04:13,,2013
andypowell8,Wales,2011-11-11 11:36:36,,2011
BBCScrumV,Wales,2009-08-20 15:24:02,,2009
George_North,Anglesey ,2010-09-24 22:56:55,,2010
mikephillips009,United Kingdom,2011-11-25 11:55:55,,2011
Jamiehuwroberts,"Cardiff, Wales",2010-01-24 18:29:03,,2010
JonFoxDavies,,2009-11-30 23:35:21,,2009
GThomas_93,,2014-02-03 19:12:50,,2014
richardparks,Mountain-Pole-Bike-Cafe-Wales,2010-02-09 12:05:39,,2010
PRO14Official,,2011-05-30 19:46:18,,2011
adamjones3,Merthyr/Guildford,2010-01-21 16:28:28,,2010
AlunWynJones,Wales,2009-10-06 18:45:11,,2009
LeighHalfpenny1,,2011-09-07 21:00:35,,2011
suryapsingh_IAS,"Lucknow, Uttar Pradesh",2014-09-04 16:33:39,,2014
KissaSins,,2014-02-07 00:27:36,,2014
RanvirShorey,Mumbai,2009-10-04 09:11:24,,2009
MahuaMoitra,,2011-12-02 07:03:17,,2011
rihanna,,2009-10-02 21:37:33,,2009
ravishndtv,,2009-06-16 10:43:29,,2009
jazzyb,"Birmingham, United Kingdom",2010-11-12 15:30:15,,2010
pbhushan1,"New Delhi, India",2014-01-10 09:18:00,,2014
GalGadot,,2009-04-24 20:35:18,,2009
TwitterMedia,"San Francisco, CA",2012-07-30 22:12:58,,2012
Kisanektamorcha,"Punjab, India",2020-12-14 17:30:57,,2020
Moneylifers,"Mumbai, India",2009-03-13 02:42:16,,2009
suchetadalal,Mumbai India,2009-05-19 11:02:18,,2009
ritesh_sid,Mumbai-India,2011-10-13 08:25:49,,2011
divyenndu,mumbai,2014-01-13 18:42:07,,2014
mlkhattar,Haryana,2011-05-09 18:54:38,,2011
KubbraSait,Mumbai,2009-08-13 07:23:39,,2009
diljitdosanjh,PUNJAB ,2011-06-04 04:57:41,,2011
GSPC_Gujarat,Ahmedabad,2020-03-07 08:19:20,,2020
ketan1811,"New Delhi, India",2012-12-28 14:51:54,,2012
sunnylane,Las Vegas,2012-09-12 05:14:06,,2012
sophiedee,"Las Vegas, NV",2009-02-12 02:46:42,,2009
BhimArmyChief,"Saharanpur, India",2018-02-27 13:46:24,,2018
Nidhi,,2015-05-03 18:28:39,,2015
Chhotu_Vasava,"Jhagadia, India",2017-11-23 09:04:49,,2017
Riteishd,,2009-07-18 18:37:27,,2009
gautam_adani,"Ahmedabad, India",2014-03-08 11:34:22,,2014
SirPareshRawal,"Mumbai, India",2011-08-16 01:05:43,,2011
Aadii_Sawant,"Andheri West, Mumbai",2017-11-08 17:28:57,,2017
scouttanmay,India,2013-08-04 03:02:02,,2013
Mortal04907880,"Navi Mumbai, India",2018-12-03 18:33:29,,2018
GoogleCloud_IN,,2018-05-22 01:07:39,,2018
Trinity1546,Cambridge,2012-12-04 14:17:35,,2012
JeremyRenner,,2014-08-07 18:43:12,,2014
MarvelStudios,,2016-07-06 18:00:10,,2016
RobertDowneyJr,,2009-06-17 00:12:08,,2009
TomHolland1996,Home,2012-07-01 18:29:25,,2012
chadwickboseman,,2016-04-08 17:46:15,,2016
IASassociation,New Delhi,2011-06-16 03:23:20,,2011
IPS_Association,India,2015-02-25 12:45:40,,2015
TheOfficialSBI,,2013-12-18 07:27:24,,2013
GooglePayIndia,India,2017-02-15 00:13:45,,2017
TheLallantop,India,2015-10-29 12:03:59,,2015
saurabhtop,Delhi,2009-08-23 03:26:49,,2009
Swamy39,New Delhi,2009-07-28 15:48:23,,2009
ourvadodara,Vadodara,2012-04-11 11:55:57,,2012
Ford,"Dearborn, MI",2008-07-31 16:07:55,,2008
ndtv,India,2009-05-01 20:34:48,,2009
airindiain,"New Delhi, India",2011-10-09 09:13:54,,2011
