source,target
tylus_allen8,Rolex
LerumTK96,Rolex
MLErnest,Rolex
AndyLilburn,Rolex
Hanzoda3rd,Rolex
rochabarr77,Rolex
SandaAlp,Rolex
tarunjaipal_,Rolex
cyzwe12,Rolex
Jinks116,Rolex
juventino0608,Rolex
chiragsolanki02,Rolex
Rodrigo120886,Rolex
MarcoRuffoli,Rolex
rs_bajwa13,Rolex
Mduduzi00077260,Rolex
maahipreet,Rolex
clarkhands,Rolex
Solomon87802369,Rolex
Collin_L,Rolex
Msfer_Mhdi,Rolex
SUBODH_KMR_RAI,Rolex
Eugene03086278,Rolex
spartanvikas,Rolex
4KUNIVERSE_,Rolex
demademima,Rolex
YSteenz,Rolex
paras50464396,Rolex
BobMaso87227855,Rolex
kritianewme,Rolex
saisavalli786,Rolex
shauntelp,Rolex
zaaymilly,Rolex
karthik6988,Rolex
lllFSF,Rolex
DavidWright_6,Rolex
nduduzo2002,Rolex
edubes1,Rolex
dodoal1989,Rolex
CA_Rushabhmodi,Rolex
twmichoacan2021,Rolex
Jsdlchandauli,Rolex
IolandaRuggiero,Rolex
karobaper,Rolex
CamioQuintero,Rolex
bigboatbull1,Rolex
Huleshlil,Rolex
steamtrain79,Rolex
wasserwissenat,Rolex
TeffoTshepo,Rolex
Rolex,RCapucon
Rolex,InsideNatGeo
Rolex,steftsitsipas
Rolex,karenkhachanov
Rolex,TwitterBusiness
Rolex,NatGeo
Rolex,rogerfederer
Rolex,TigerWoods
Rolex,F1
Rolex,Wimbledon
Rolex,TheAcademy
Rolex,CaroWozniacki
Rolex,AnaIvanovic
Rolex,gilbertogil
Rolex,MichaelBuble
Rolex,NicoRosberg
Rolex,PGATOUR
Rolex,rolandgarros
Rolex,JordanSpieth
Rolex,usopen
Rolex,MargaretAtwood
Rolex,RickieFowler
Rolex,atptour
Rolex,AustralianOpen
Rolex,AussieGrit
Rolex,lindseyvonn
Rolex,tsonga7
Rolex,TheMasters
Rolex,GustavoDudamel
Rolex,LukeDonald
Rolex,la_Biennale
Rolex,JimCameron
Rolex,JDayGolf
Rolex,TheOpen
Rolex,GarbiMuguruza
Rolex,Lexi
Rolex,GrigorDimitrov
Rolex,jacknicklaus
Rolex,AngeliqueKerber
Rolex,garyplayer
Rolex,usopengolf
Rolex,fia
Rolex,EuropeanTour
Rolex,milosraonic
Rolex,teatroallascala
Rolex,USGA
Rolex,24hoursoflemans
Rolex,JustinThomas34
Rolex,PhilMickelson
Rolex,RyderCupEurope
MOSESOSENI,tylus_allen8
KiddTrippyKt,tylus_allen8
OishiiAlex,LerumTK96
MnnensMan,LerumTK96
wanderingfridge,LerumTK96
Adaalbrja,MLErnest
ablegod231101,MLErnest
veteran_nov,MLErnest
MarkAguon,MLErnest
_villagomez25,MLErnest
dreamarieblake,MLErnest
Ja867_5309,MLErnest
twinkleEDZ,MLErnest
Gallon999,MLErnest
dandanman18,MLErnest
davidatalig,MLErnest
670Boe,MLErnest
CNMI_DFEMS,MLErnest
TaotaoTasi,MLErnest
samern1,MLErnest
reptinasablan,MLErnest
VoteVinnie,MLErnest
HenduPat,MLErnest
AngelDemapan,MLErnest
roberthhunter,MLErnest
CNoket,MLErnest
mcallijb,MLErnest
sweetdawson30,MLErnest
romanfranklin_,MLErnest
theycallmekaee,MLErnest
pjteno,MLErnest
shuthaps,MLErnest
rickjones317,MLErnest
chenchuzhong1,MLErnest
JLAngeline,MLErnest
haidee_eugenio,MLErnest
mariblossom_,MLErnest
emypham_nyliac,MLErnest
hbjones77,MLErnest
NedyBonz,MLErnest
stevedallas1215,MLErnest
roslyn_tenorio,MLErnest
Angelivycastro,MLErnest
TheTapRoomMKE,MLErnest
ivanblanco1234,MLErnest
NSA_CLOUD,MLErnest
SandyFetzer,MLErnest
SharkDefenders,MLErnest
NOBOMBING,MLErnest
ajay02_,MLErnest
Six2two,MLErnest
PacificaSaipan,MLErnest
paparazziartist,MLErnest
dweakley1,MLErnest
GovInosNMI,MLErnest
Emma_38306,AndyLilburn
janeswatson5,AndyLilburn
1xavyy,Hanzoda3rd
Esteveslcs,Hanzoda3rd
004benji,Hanzoda3rd
_benjiblanco,Hanzoda3rd
BYCRIVERA,Hanzoda3rd
_jadizabeck,Hanzoda3rd
JanaeDaBosss,Hanzoda3rd
nybinx,Hanzoda3rd
iiconicsoul,Hanzoda3rd
ashlieeotf,Hanzoda3rd
5imbah_,Hanzoda3rd
trvllneenee,Hanzoda3rd
_robbinoo,Hanzoda3rd
0thatsroro,Hanzoda3rd
JohnPasqualeN,Hanzoda3rd
YoDejj,Hanzoda3rd
alexixdrea,Hanzoda3rd
BobbyBDaughta,Hanzoda3rd
luhh_don,Hanzoda3rd
cozyjay_6,Hanzoda3rd
taracodie,Hanzoda3rd
zaezippy,Hanzoda3rd
_SheQue,Hanzoda3rd
kxniicole,Hanzoda3rd
Lahdonna_,Hanzoda3rd
kraveindia,Hanzoda3rd
_UnoSHEESH,Hanzoda3rd
legendaryscene,Hanzoda3rd
CozyBoaa,Hanzoda3rd
Dj_lovesfood,Hanzoda3rd
FrenchNemo,Hanzoda3rd
stormzbody,Hanzoda3rd
indianmadeee,Hanzoda3rd
IeishaaKaay,Hanzoda3rd
jlinton_28,Hanzoda3rd
_cvmeran_,Hanzoda3rd
theyl0vebri,Hanzoda3rd
axgellx,Hanzoda3rd
yahboyfunny,Hanzoda3rd
suvweh_o,Hanzoda3rd
ekegbooche,Hanzoda3rd
jd_jackdowning,Hanzoda3rd
chiefarab,Hanzoda3rd
joxtejada,Hanzoda3rd
sireenabayazid,Hanzoda3rd
graceLdyer,Hanzoda3rd
myspacebabe2008,Hanzoda3rd
sevjns,Hanzoda3rd
leighmonadeOF,Hanzoda3rd
suliman_alali99,Hanzoda3rd
luisrha,rochabarr77
AldavaNorma,rochabarr77
JosGrande14,rochabarr77
quezada_loida,rochabarr77
MLMX_,rochabarr77
san_obispo,rochabarr77
dilopezarango,rochabarr77
dsmfarmacia,rochabarr77
Luizmaldonado13,rochabarr77
CTLRCRISTIAN,rochabarr77
unaspintadascom,rochabarr77
cdmxdf1,rochabarr77
Rohaniilaj7,rochabarr77
MuralEducativo,rochabarr77
Pregntame2,rochabarr77
luispedro033,rochabarr77
sepad11,rochabarr77
J_Symon,rochabarr77
Adamilsonkorban,rochabarr77
3fern666,rochabarr77
MarianaMusso21,rochabarr77
Flaviogotico,rochabarr77
IranDestination,rochabarr77
anitabelen33,rochabarr77
ManoloEscobilla,rochabarr77
praxisstudio1,rochabarr77
spanishwriting,rochabarr77
grupoinex1997,rochabarr77
Complicce,rochabarr77
PedroGo32791860,rochabarr77
CryptoFinSys,rochabarr77
iEdwinDG,rochabarr77
Blogueros_Net,rochabarr77
TourTravelSpain,rochabarr77
imanolsanchez,rochabarr77
BezaluMx,rochabarr77
HBeerz,SandaAlp
KubiDemiroz0607,SandaAlp
benbusii,SandaAlp
FunnyTrendsYT,SandaAlp
beratbozkurt48,SandaAlp
egeatasoy8,SandaAlp
svdgms55,SandaAlp
Korayimir1,SandaAlp
ClarettaMihalek,SandaAlp
burcdem93,SandaAlp
blackk_rosee_,SandaAlp
AhmetSa21144543,SandaAlp
ibrahim52449063,SandaAlp
ElifZer97037473,SandaAlp
batuhanozyilmz,SandaAlp
berfingorkem,SandaAlp
Brodronetr,SandaAlp
Sindirellaq,SandaAlp
sibeldemirel76,SandaAlp
AysenGulsu,SandaAlp
nocontextmugla,SandaAlp
Alaralaar,SandaAlp
MedyaFener,SandaAlp
mehmetaliZRL,SandaAlp
damlatasdemiirr,SandaAlp
simgebahat,SandaAlp
1erencantas,SandaAlp
yusuf87930073,SandaAlp
fatosseski,SandaAlp
gizemkiper,SandaAlp
yusuf05658784,SandaAlp
safaanda,SandaAlp
Merveozdmr27,SandaAlp
mehmetakgolx,SandaAlp
sancak_48,SandaAlp
ZenobiaSattaza1,tarunjaipal_
RahulKushwaha07,tarunjaipal_
Sami8official,tarunjaipal_
MdRaiha34903677,tarunjaipal_
JacquelineRLine,tarunjaipal_
webteldotin,tarunjaipal_
braincheatcodes,tarunjaipal_
avishxx17,tarunjaipal_
SwedishCanary,tarunjaipal_
AntonioParis,tarunjaipal_
sastadekho,tarunjaipal_
iamrv___,tarunjaipal_
LeonineinfoC,tarunjaipal_
George51921960,tarunjaipal_
SKNathSumon3,tarunjaipal_
animal_leaks,tarunjaipal_
mercych16879076,tarunjaipal_
aditi_cted,tarunjaipal_
2712vabhav,tarunjaipal_
Raushan1252,tarunjaipal_
w98jb,tarunjaipal_
TempleOfIron4,tarunjaipal_
MoveInvest,tarunjaipal_
SHARESmag,tarunjaipal_
MukeshDudiJAAT2,tarunjaipal_
19mahi_,tarunjaipal_
maniish_rj_21,tarunjaipal_
nvcvlogs,tarunjaipal_
Rishabh26822570,tarunjaipal_
DrAnurakt,tarunjaipal_
ravitalepa,tarunjaipal_
NiteshV94342218,tarunjaipal_
Stevewizzy96,tarunjaipal_
Dushyan38877480,tarunjaipal_
sanibjaved9,tarunjaipal_
Himanshforpk686,tarunjaipal_
Satyend01155204,tarunjaipal_
jeetranjankuma1,tarunjaipal_
MHassanRajpoot1,tarunjaipal_
DAlLYGRlND,tarunjaipal_
CA__POWER,tarunjaipal_
purposetourd,tarunjaipal_
NeverGiveUp_in,tarunjaipal_
WeeklyDan,tarunjaipal_
Jayendramehrda,tarunjaipal_
PhoneMeBieber,tarunjaipal_
ftricksjb,tarunjaipal_
Bhaskar98704509,tarunjaipal_
SumonIs06064086,tarunjaipal_
bespoke_mar,tarunjaipal_
SharonHeffern20,cyzwe12
AfriExpert,cyzwe12
thabangdenia,cyzwe12
RealCoryMachado,cyzwe12
Jazzcentre,cyzwe12
N3Gateway,cyzwe12
StrayATW,cyzwe12
SerogoleMashoto,cyzwe12
ThandolwethuKo5,cyzwe12
DrZweliMkhize,cyzwe12
VRentalsCarHire,cyzwe12
DjGodpapa,cyzwe12
knykker,cyzwe12
josephkganyago,cyzwe12
Ntombi38641093,cyzwe12
SouthernDrak,cyzwe12
sibongile_mama,cyzwe12
Mallyzn,cyzwe12
PrideLodgesZA,cyzwe12
FionaMohale,cyzwe12
NambitiReserve,cyzwe12
johnrampton,cyzwe12
kamogelo_wankie,cyzwe12
yasiral66018412,cyzwe12
TouchCentralfm,cyzwe12
Magesh_44,cyzwe12
Mbongen07983240,cyzwe12
GlenlivetReview,cyzwe12
GlenfiddichRvw,cyzwe12
SADJAwards,cyzwe12
HiltonBushLodge,cyzwe12
emovienet,cyzwe12
SandyNumerology,cyzwe12
Ntombi95102750,cyzwe12
lux_life_,cyzwe12
PhindiweNkosi,cyzwe12
visualideator,cyzwe12
_GetInMyBelly_,cyzwe12
AmazinSupercar,cyzwe12
Lindy721Lindy,cyzwe12
RandNationMusic,cyzwe12
ChivasGraduates,cyzwe12
maduwapatrick,cyzwe12
DunlopGoodwood,cyzwe12
CitroenSA,cyzwe12
ebamusiclive,cyzwe12
TheBlackCitizen,cyzwe12
zinhle08943838,cyzwe12
kabasa_tumelo99,cyzwe12
Yanga_Mabokela,cyzwe12
PumHeolPeddlers,Jinks116
AsbzN,Jinks116
VanessaDavies10,Jinks116
steffhughes,Jinks116
theevening1874,Jinks116
TDivestment,chiragsolanki02
FckmeSandra,chiragsolanki02
LookingPaisley,chiragsolanki02
Ashishy5778,chiragsolanki02
mukesh_chaudhri,chiragsolanki02
LakshManagement,chiragsolanki02
Sagarconsultant,chiragsolanki02
AirtelDont,chiragsolanki02
CowboysMx1,Rodrigo120886
rocksales_isma,Rodrigo120886
LuisQuintanar_5,Rodrigo120886
pumaupiicsa,Rodrigo120886
isra8aperez,Rodrigo120886
lmolinao1,Rodrigo120886
li_gargon,Rodrigo120886
dts2security,Rodrigo120886
23zIsrael,Rodrigo120886
anairamzen,Rodrigo120886
fernandiux_89,Rodrigo120886
Letysha44,Rodrigo120886
tylus_allen8,ROLEX
tylus_allen8,Kcharris63
tylus_allen8,Original_Turner
tylus_allen8,D_Ross3
tylus_allen8,TWroten_LOE
tylus_allen8,EASPORTSNBA
tylus_allen8,benzobrist18
tylus_allen8,AndreDrummond
tylus_allen8,patbev21
tylus_allen8,OrlandoMagic
tylus_allen8,andre
tylus_allen8,BossCedes
tylus_allen8,CJMcCollum
tylus_allen8,KrisBryant_23
tylus_allen8,DexterFowler
tylus_allen8,ARizzo44
tylus_allen8,NBA
tylus_allen8,JaValeMcGee
tylus_allen8,RealDealBeal23
tylus_allen8,Goran_Dragic
tylus_allen8,NBAHistory
tylus_allen8,PFTCommenter
tylus_allen8,emmanuelmudiay
tylus_allen8,VicMensa
tylus_allen8,Suns
tylus_allen8,thekidet
tylus_allen8,22wiggins
tylus_allen8,BooBabi079
tylus_allen8,MeyersLeonard
tylus_allen8,nbastats
tylus_allen8,JCrossover
tylus_allen8,WashWizards
tylus_allen8,NBATV
tylus_allen8,swish41
tylus_allen8,fakeshoredrive
tylus_allen8,Quezziwitdauzi
tylus_allen8,chicagobulls
tylus_allen8,Pacers
tylus_allen8,NBAonTNT
tylus_allen8,javy23baez
tylus_allen8,Youngcocky6040
tylus_allen8,Bucks
tylus_allen8,nikebasketball
tylus_allen8,RereTheeShit
tylus_allen8,paugasol
tylus_allen8,Cubs
tylus_allen8,NBAcom
tylus_allen8,chrislhayes
tylus_allen8,JArrieta34
tylus_allen8,Boobiekane
LerumTK96,ROLEX
LerumTK96,InsynsMannen
LerumTK96,BarackObama
LerumTK96,FluicellAB
LerumTK96,aktiespararna
LerumTK96,OmniEkonomi
LerumTK96,Investeraren
LerumTK96,MariaLandeborn
LerumTK96,aktiealbin
LerumTK96,JoeBiden
LerumTK96,mattiandpete
LerumTK96,soderlund_carl
LerumTK96,Investerarfys
LerumTK96,samuelssoneric
LerumTK96,Hustlarkungen
LerumTK96,S_Osmanagic
LerumTK96,hysentobias
LerumTK96,wernbloom
LerumTK96,SVTChris
LerumTK96,Glenn_Hysen
LerumTK96,Glenn_Stromberg
LerumTK96,juanitafranden
LerumTK96,jonas_dahlquist
LerumTK96,RobbieLauler
LerumTK96,MattiHaapoja
LerumTK96,petermckinnon
LerumTK96,carlbildt
LerumTK96,fwikingsson
LerumTK96,PodFF
LerumTK96,WTA
LerumTK96,AustralianOpen
LerumTK96,usopen
LerumTK96,rolandgarros
LerumTK96,Wimbledon
LerumTK96,TheNotoriousMMA
LerumTK96,BindiIrwin
LerumTK96,IanJamesPoulter
LerumTK96,superguidetti
LerumTK96,cmoresport
LerumTK96,AndreAgassi
LerumTK96,NickKyrgios
LerumTK96,lleytonhewitt
LerumTK96,TKokkinakis
LerumTK96,Cristiano
LerumTK96,tomasberdych
LerumTK96,MikaelYmer
LerumTK96,JeremyClarkson
LerumTK96,FredrikNp
LerumTK96,MariaSharapova
LerumTK96,stanwawrinka
MLErnest,AdaHocog
MLErnest,ROLEX
MLErnest,Kilili_Sablan
MLErnest,Tesla
MLErnest,Jim_Jordan
MLErnest,SpaceX
MLErnest,JeffBezos
MLErnest,RepMattGaetz
MLErnest,YtNextGenGaming
MLErnest,revolving360
MLErnest,MarkAguon
MLErnest,CNMI_DFEMS
MLErnest,FriendsTrench
MLErnest,PS5StockUpdates
MLErnest,GYXdeals
MLErnest,PS5Drop
MLErnest,techradar
MLErnest,mattswider
MLErnest,PlayStation
MLErnest,PS5ESTORE
MLErnest,PS5StockAlerts
MLErnest,PS5RestockAlert
MLErnest,spieltimes
MLErnest,Wario64
MLErnest,reptinasablan
MLErnest,kylesethgray
MLErnest,jack
MLErnest,gumroad
MLErnest,NikkiHaley
MLErnest,AdamSandler
MLErnest,WilliamShatner
MLErnest,RepDanCrenshaw
MLErnest,DanCrenshawTX
MLErnest,US_SpaceCom
MLErnest,SenateGOP
MLErnest,LeaderMcConnell
MLErnest,RealBobMortimer
MLErnest,gillinghamjoe
MLErnest,RonJichardson
MLErnest,emuna670
MLErnest,GOPChairwoman
MLErnest,BorisJohnson
MLErnest,LifeMathMoney
MLErnest,Mens_Corner_
MLErnest,DLoesch
MLErnest,JackPosobiec
MLErnest,TaotaoTasi
MLErnest,Ja867_5309
MLErnest,TitaniaMcGrath
MLErnest,innoutburger
AndyLilburn,ROLEX
AndyLilburn,dog_feelings
AndyLilburn,CaptainMarcin
AndyLilburn,MrAndrewCotter
AndyLilburn,DeborahMeaden
AndyLilburn,speedomick
AndyLilburn,itvwestcountry
AndyLilburn,BBCCornwall
AndyLilburn,kevinbridges86
AndyLilburn,RPJBand
AndyLilburn,chrishoy
AndyLilburn,BBCSpotlight
AndyLilburn,BarackObama
AndyLilburn,robhayles1
AndyLilburn,Chris_Boardman
AndyLilburn,chrisfroome
AndyLilburn,GeraintThomas86
AndyLilburn,marcelkittel
AndyLilburn,thejensie
AndyLilburn,millarmind
AndyLilburn,f_cancellara
AndyLilburn,MarkCavendish
Hanzoda3rd,ROLEX
Hanzoda3rd,1xavyy
Hanzoda3rd,adinross
Hanzoda3rd,modsiwW
Hanzoda3rd,souljaboy
Hanzoda3rd,cuteIooks
Hanzoda3rd,btc_robinhood
Hanzoda3rd,TeenVogue
Hanzoda3rd,jackharlow
Hanzoda3rd,LilWasX
Hanzoda3rd,SupremeDreams_1
Hanzoda3rd,DonToliver
Hanzoda3rd,corruptedray001
Hanzoda3rd,mariojudah_
Hanzoda3rd,playboicarti
Hanzoda3rd,Lavarbigballer
Hanzoda3rd,004benji
Hanzoda3rd,Uber_Support
Hanzoda3rd,DavidDobrik
Hanzoda3rd,zumiez
Hanzoda3rd,NextModels
Hanzoda3rd,TommyHilfiger
Hanzoda3rd,Burberry
Hanzoda3rd,AEO
Hanzoda3rd,PacSun
Hanzoda3rd,_jadizabeck
Hanzoda3rd,geauxdavoo
Hanzoda3rd,kensmindxl
Hanzoda3rd,IeishaaKaay
Hanzoda3rd,stormzbody
Hanzoda3rd,FrenchNemo
Hanzoda3rd,CozyBoaa
Hanzoda3rd,legendaryscene
Hanzoda3rd,_UnoSHEESH
Hanzoda3rd,zaezippy
Hanzoda3rd,_SheQue
Hanzoda3rd,kxniicole
Hanzoda3rd,taracodie
Hanzoda3rd,luhh_don
Hanzoda3rd,BobbyBDaughta
Hanzoda3rd,alexixdrea
Hanzoda3rd,YoDejj
Hanzoda3rd,JohnPasqualeN
Hanzoda3rd,0thatsroro
Hanzoda3rd,_robbinoo
Hanzoda3rd,axgellx
Hanzoda3rd,theyl0vebri
Hanzoda3rd,_cvmeran_
Hanzoda3rd,trvllneenee
Hanzoda3rd,iiconicsoul
rochabarr77,OrtegaGerman
rochabarr77,ROLEX
rochabarr77,RMascabrothers
rochabarr77,freddymasca1
rochabarr77,OscarDeLaHoya
rochabarr77,Canelo
rochabarr77,Jcchavez115
rochabarr77,lamazon_oficial
rochabarr77,HectorSulaimanS
rochabarr77,DiegoFC
rochabarr77,JimenezEspriu
rochabarr77,laishawilkins
rochabarr77,azucenau
rochabarr77,albornoz_mx
rochabarr77,A_ausdenRuthen
rochabarr77,ezshabot
rochabarr77,doctormacias
rochabarr77,bartije
rochabarr77,CarlosM_Urzua
rochabarr77,Bessiruga
rochabarr77,Tesla
rochabarr77,elonmusk
rochabarr77,praxisstudio1
rochabarr77,RiuHoteles
rochabarr77,maurimm
rochabarr77,Antropocenista
rochabarr77,operaworld_es
rochabarr77,Pontifex
rochabarr77,ErnestoCordero
rochabarr77,ElFinanciero_Mx
rochabarr77,juanita_bipolar
rochabarr77,TeAmoTioRober
rochabarr77,LaPinchiGrecia
rochabarr77,Soytupmadre
rochabarr77,SharkTankMex
rochabarr77,Mike7blashotma1
rochabarr77,LabonteSan
rochabarr77,UltimaHora_SLP
rochabarr77,EstiloDF
rochabarr77,FEMSA
rochabarr77,_elan_
rochabarr77,MaxKaiser75
rochabarr77,julianlebaron
rochabarr77,AdrianLebaron
rochabarr77,dannapaola
rochabarr77,benistofeles
rochabarr77,JoseCardenas1
rochabarr77,PacoDeMiguelF
rochabarr77,proceso
rochabarr77,En_laDelValle
SandaAlp,nctextiing
SandaAlp,ROLEX
SandaAlp,dw_turkce
SandaAlp,incicaps
SandaAlp,teyitorg
SandaAlp,sozluk
SandaAlp,euronews_tr
SandaAlp,HBeerz
SandaAlp,CrazyFunnyVidzz
SandaAlp,jansetdoga
SandaAlp,atavratfutboI
SandaAlp,efsosporolay
SandaAlp,sivriikalemler
SandaAlp,DumbDarwing
SandaAlp,eedademirbag
SandaAlp,yumusak_hazal
SandaAlp,zeynepkyhn1
SandaAlp,nehirokturk
SandaAlp,FunnymanPage
SandaAlp,KubiDemiroz0607
SandaAlp,beratbozkurt48
SandaAlp,eymennkarca
SandaAlp,benbusii
SandaAlp,AhmetSa21144543
SandaAlp,ibrahim52449063
SandaAlp,DusundukceVariz
SandaAlp,cediosman
SandaAlp,GTA___Memes
SandaAlp,cerenaltinn4
SandaAlp,Ffs_OMG
SandaAlp,TCMusValiligi
SandaAlp,secgital
SandaAlp,kvefsaneleri
SandaAlp,cokiyigol
SandaAlp,sputnikvaccine
SandaAlp,TamgaSanat
SandaAlp,_genelkultur_
SandaAlp,idgafuckfacials
SandaAlp,baddiesaztakip
SandaAlp,elfidaayildiz
SandaAlp,hicraanakyldz
SandaAlp,aleynanurok
SandaAlp,AslAydin17
SandaAlp,BsrKorkmaz
SandaAlp,selenyakici
SandaAlp,resmiprenses
SandaAlp,vaziyetcomtr
SandaAlp,Haber_SON_Haber
SandaAlp,CapaMagEkonomi
SandaAlp,fotogiller
tarunjaipal_,LouisVuitton
tarunjaipal_,PiyushGoyal
tarunjaipal_,ROLEX
tarunjaipal_,LandRoverUSA
tarunjaipal_,JaguarUSA
tarunjaipal_,FinancialTimes
tarunjaipal_,TheEconomist
tarunjaipal_,business
tarunjaipal_,dalermehndi
tarunjaipal_,GNev2
tarunjaipal_,stephenfry
tarunjaipal_,Lord_Sugar
tarunjaipal_,GaryLineker
tarunjaipal_,rioferdy5
tarunjaipal_,sunjaykapur
tarunjaipal_,chetan_bhagat
tarunjaipal_,SpeakerRyan
tarunjaipal_,anandmahindra
tarunjaipal_,HouseDemocrats
tarunjaipal_,KamalaHarris
tarunjaipal_,AdityaBirlaGrp
tarunjaipal_,JoeBiden
tarunjaipal_,benmendy23
tarunjaipal_,kimpembe_3
tarunjaipal_,ErlingHaaland
tarunjaipal_,BlackYellow
tarunjaipal_,MarcusRashford
tarunjaipal_,Sanchooo10
tarunjaipal_,GretaThunberg
tarunjaipal_,officialpes
tarunjaipal_,Citibank
tarunjaipal_,CreditSuisse
tarunjaipal_,MerrillLynch
tarunjaipal_,DeutscheBank
tarunjaipal_,Citi
tarunjaipal_,jpmorgan
tarunjaipal_,MorganStanley
tarunjaipal_,BoeingAirplanes
tarunjaipal_,GoldmanSachs
tarunjaipal_,Airbus
tarunjaipal_,prattandwhitney
tarunjaipal_,Fritolay
tarunjaipal_,GEAviation
tarunjaipal_,PepsiCo
tarunjaipal_,generalelectric
tarunjaipal_,HamillHimself
tarunjaipal_,reidhoffman
tarunjaipal_,richardbranson
tarunjaipal_,AnthonyMartial
tarunjaipal_,ECavaniOfficial
cyzwe12,MusaMseleku_
cyzwe12,Thobile06132590
cyzwe12,ManakaRanaka
cyzwe12,zandilemsutwana
cyzwe12,Ziggy_Ranaka1
cyzwe12,Pumi1Ranaka
cyzwe12,Apple
cyzwe12,ROLEX
cyzwe12,RanakaRanaka
cyzwe12,PhuthumaNathi
cyzwe12,mauritiusza
cyzwe12,FreakyNtrlcky
cyzwe12,itswoodwork
cyzwe12,ConfusingPix
cyzwe12,WeIcomeToNature
cyzwe12,PhysicsVldeo
cyzwe12,Franthemotorist
cyzwe12,CarTorqueSA
cyzwe12,halleberry
cyzwe12,engineers_feed
cyzwe12,elonmusk
cyzwe12,JeffBezos
cyzwe12,PawpawMFR
cyzwe12,TheUGRailroadTV
cyzwe12,NASAPersevere
cyzwe12,SabeloMkabela
cyzwe12,Thembithemedium
cyzwe12,DRIPFootWear
cyzwe12,JSE_Group
cyzwe12,Fin24
cyzwe12,stealthy_wealth
cyzwe12,EasyEquities
cyzwe12,SATRIX_SA
cyzwe12,S_Dlathu
cyzwe12,Xiaomi
cyzwe12,NBC_SouthAfrica
cyzwe12,vuyo_valashiya
cyzwe12,SiwelaWines
cyzwe12,Siwela_Masoga
cyzwe12,krugersafaris
cyzwe12,africaexclusive
cyzwe12,SANParksKNP
cyzwe12,mala_mala
cyzwe12,LionRoarsHotels
cyzwe12,Bukelagamelodge
cyzwe12,ShamwariReserve
cyzwe12,goodsafariguide
cyzwe12,Simbavati
cyzwe12,Hlosigamelodge
cyzwe12,Go2Africa
Jinks116,ROLEX
Jinks116,MaggieAlphonsi
Jinks116,autumnnations
Jinks116,BBCWalesNews
Jinks116,Nigelrefowens
Jinks116,BBCWales
Jinks116,BBCFergusWalsh
Jinks116,WalesRugby
Jinks116,BBCRadioWales
Jinks116,lavuelta
Jinks116,LeTour
Jinks116,WalesOnline
Jinks116,BBCSport
Jinks116,VanessaDavies10
Jinks116,INEOSGrenadiers
Jinks116,chrisfroome
Jinks116,GeraintThomas86
Jinks116,themotleyfool
Jinks116,willcarling
Jinks116,Tom_Varndell
Jinks116,johnbarc86
Jinks116,taulupe
Jinks116,edjackson8
Jinks116,DoddieWeir5
Jinks116,PumHeolPeddlers
Jinks116,Rhys_Priestland
Jinks116,FT
Jinks116,BBCBusiness
Jinks116,ReutersBiz
Jinks116,ScottWilliams_1
Jinks116,SonnyBWilliams
Jinks116,pocockdavid
Jinks116,BBCSportWales
Jinks116,SionBennett
Jinks116,DanCarter
Jinks116,WelshRugbyUnion
Jinks116,justabitof_fun
Jinks116,JiffyRugby
Jinks116,andypowell8
Jinks116,BBCScrumV
Jinks116,George_North
Jinks116,mikephillips009
Jinks116,Jamiehuwroberts
Jinks116,JonFoxDavies
Jinks116,GThomas_93
Jinks116,richardparks
Jinks116,PRO14Official
Jinks116,adamjones3
Jinks116,AlunWynJones
Jinks116,LeighHalfpenny1
chiragsolanki02,ROLEX
chiragsolanki02,suryapsingh_IAS
chiragsolanki02,KissaSins
chiragsolanki02,RanvirShorey
chiragsolanki02,MahuaMoitra
chiragsolanki02,rihanna
chiragsolanki02,ravishndtv
chiragsolanki02,jazzyb
chiragsolanki02,pbhushan1
chiragsolanki02,GalGadot
chiragsolanki02,TwitterMedia
chiragsolanki02,Kisanektamorcha
chiragsolanki02,Moneylifers
chiragsolanki02,suchetadalal
chiragsolanki02,ritesh_sid
chiragsolanki02,divyenndu
chiragsolanki02,mlkhattar
chiragsolanki02,KubbraSait
chiragsolanki02,diljitdosanjh
chiragsolanki02,GSPC_Gujarat
chiragsolanki02,ketan1811
chiragsolanki02,sunnylane
chiragsolanki02,sophiedee
chiragsolanki02,BhimArmyChief
chiragsolanki02,Nidhi
chiragsolanki02,Chhotu_Vasava
chiragsolanki02,Riteishd
chiragsolanki02,gautam_adani
chiragsolanki02,SirPareshRawal
chiragsolanki02,Aadii_Sawant
chiragsolanki02,scouttanmay
chiragsolanki02,Mortal04907880
chiragsolanki02,GoogleCloud_IN
chiragsolanki02,Trinity1546
chiragsolanki02,JeremyRenner
chiragsolanki02,MarvelStudios
chiragsolanki02,RobertDowneyJr
chiragsolanki02,TomHolland1996
chiragsolanki02,chadwickboseman
chiragsolanki02,IASassociation
chiragsolanki02,IPS_Association
chiragsolanki02,TheOfficialSBI
chiragsolanki02,GooglePayIndia
chiragsolanki02,TheLallantop
chiragsolanki02,saurabhtop
chiragsolanki02,Swamy39
chiragsolanki02,ourvadodara
chiragsolanki02,Ford
chiragsolanki02,ndtv
chiragsolanki02,airindiain
